sending_region,receiving_region,milliseconds
europe-west1,asia-south2,153.541
asia-south2,europe-west1,153.527
europe-central2,asia-east2,245.362
asia-east2,europe-central2,245.342
europe-southwest1,asia-east2,222.467
asia-east2,europe-southwest1,222.5
europe-west4,asia-south2,150.374
asia-south2,europe-west4,150.371
europe-west8,asia-east1,220.713
asia-east1,europe-west8,218.475
europe-west6,asia-northeast3,249.145
asia-northeast3,europe-west6,249.159
europe-west12,asia-northeast3,244.209
asia-northeast3,europe-west12,244.573
europe-west2,asia-northeast2,226.66
asia-northeast2,europe-west2,226.652
asia-northeast1,europe-north1,243.077
europe-north1,asia-northeast1,243.066
asia-northeast2,europe-southwest1,230.634
europe-southwest1,asia-northeast2,230.625
europe-west1,asia-east1,224.445
asia-east1,europe-west1,224.431
europe-central2,asia-east1,246.866
asia-east1,europe-central2,246.872
asia-east2,europe-west6,222.476
europe-west6,asia-east2,222.476
us-central1,asia-east1,149.813
asia-east1,us-central1,149.806
europe-west3,australia-southeast2,267.926
australia-southeast2,europe-west3,267.925
us-east4,europe-west8,94.575
europe-west8,us-east4,94.58
us-east5,asia-south2,225.839
asia-south2,us-east5,225.913
us-central1,asia-northeast3,172.516
asia-northeast3,us-central1,172.466
asia-northeast1,us-west2,99.389
us-west2,asia-northeast1,99.344
europe-west1,us-west4,138.748
us-west4,europe-west1,138.743
us-west4,europe-west10,146.732
europe-west10,us-west4,146.746
us-east4,asia-south2,217.469
asia-south2,us-east4,220.369
europe-west12,us-west4,153.595
us-west4,europe-west12,153.615
europe-west1,us-east1,90.779
us-east1,europe-west1,90.792
asia-east2,us-west2,138.939
us-west2,asia-east2,138.888
europe-west1,australia-southeast2,268.102
australia-southeast2,europe-west1,268.107
asia-east2,europe-west12,219.247
europe-west12,asia-east2,219.234
australia-southeast2,europe-west6,269.683
europe-west6,australia-southeast2,269.688
us-east5,europe-southwest1,92.313
europe-southwest1,us-east5,89.159
asia-east1,europe-north1,257.532
europe-north1,asia-east1,257.533
us-east5,asia-east2,181.492
asia-east2,us-east5,181.497
asia-east1,australia-southeast1,130.586
us-west4,asia-south2,229.1
asia-south2,us-west4,229.109
europe-north1,us-west3,142.833
us-west3,europe-north1,142.829
europe-west2,australia-southeast2,283.209
australia-southeast2,europe-west2,283.222
australia-southeast2,us-central1,180.178
us-central1,australia-southeast2,180.14
asia-east1,us-west2,126.882
us-west2,asia-east1,126.9
asia-south2,australia-southeast2,147.864
australia-southeast2,asia-south2,147.86
northamerica-northeast2,asia-south1,209.854
asia-south1,northamerica-northeast2,209.849
us-east5,asia-northeast2,150.256
asia-northeast2,us-east5,150.254
us-west1,europe-west3,141.552
europe-west3,us-west1,141.525
asia-southeast2,europe-central2,234.594
europe-central2,asia-southeast2,234.605
australia-southeast2,europe-central2,284.833
europe-central2,australia-southeast2,284.79
europe-west6,us-west3,136.176
us-west3,europe-west6,136.174
australia-southeast1,europe-west12,266.353
europe-west12,australia-southeast1,266.279
us-east4,europe-central2,96.582
europe-central2,us-east4,96.591
asia-southeast2,australia-southeast1,106.61
australia-southeast1,asia-southeast2,106.156
northamerica-northeast2,europe-west12,106.24
europe-west12,northamerica-northeast2,106.25
australia-southeast1,us-west4,142.755
us-west4,australia-southeast1,142.729
europe-west3,us-west4,145.574
us-west4,europe-west3,145.575
us-west4,australia-southeast2,154.499
australia-southeast2,us-west4,154.491
asia-east2,australia-southeast2,117.381
northamerica-northeast1,us-east1,24.671
us-east1,northamerica-northeast1,24.671
asia-northeast2,us-west4,112.94
us-west4,asia-northeast2,112.929
us-central1,europe-north1,124.544
europe-north1,us-central1,124.741
australia-southeast1,asia-northeast3,126.974
asia-northeast3,australia-southeast1,126.97
europe-west1,us-west3,121.815
us-west3,europe-west1,121.804
europe-west2,us-east1,86.6
us-east1,europe-west2,86.595
europe-west6,southamerica-east1,205.286
southamerica-east1,europe-west6,205.301
europe-west1,northamerica-northeast1,81.261
northamerica-northeast1,europe-west1,81.26
australia-southeast1,europe-west4,280.691
europe-west4,australia-southeast1,280.685
asia-east2,me-central1,130.8
me-central1,asia-east2,130.709
northamerica-northeast2,europe-west3,94.7
europe-west3,northamerica-northeast2,94.706
me-central1,us-west2,254.396
us-west2,me-central1,254.383
europe-west8,australia-southeast2,258.383
australia-southeast2,europe-west8,258.366
us-west3,asia-south2,245.909
asia-south2,us-west3,245.914
australia-southeast2,us-west1,160.168
us-west1,australia-southeast2,160.523
northamerica-northeast2,southamerica-east1,134.715
southamerica-east1,northamerica-northeast2,134.712
asia-east1,southamerica-east1,284.456
southamerica-east1,asia-east1,284.459
northamerica-northeast2,europe-central2,107.867
europe-central2,northamerica-northeast2,107.874
europe-west10,us-east5,95.952
us-east5,europe-west10,96.029
northamerica-northeast2,asia-southeast2,222.399
europe-west2,northamerica-northeast2,83.389
northamerica-northeast2,europe-west2,83.41
australia-southeast1,us-east5,188.087
us-east5,australia-southeast1,188.09
me-central1,us-west3,232.432
us-west3,me-central1,232.454
europe-west6,northamerica-northeast2,105.574
northamerica-northeast2,europe-west6,105.594
me-west1,europe-west4,58.845
europe-west4,me-west1,58.859
europe-west1,northamerica-northeast2,88.177
northamerica-northeast2,europe-west1,88.171
europe-west8,us-central1,117.822
us-central1,europe-west8,117.833
europe-west9,europe-west3,9.434
europe-west3,europe-west9,9.434
me-west1,asia-northeast1,222.039
asia-northeast1,me-west1,222.039
europe-west9,us-west1,133.005
us-west1,europe-west9,132.956
me-central1,europe-west3,118.097
europe-west3,me-central1,118.105
me-west1,northamerica-northeast1,131.54
northamerica-northeast1,me-west1,131.543
europe-west8,us-west1,149.045
us-west1,europe-west8,149.01
me-central1,us-east4,191.19
us-east4,me-central1,191.813
me-west1,europe-west3,53.351
europe-west3,me-west1,53.37
us-east1,asia-northeast1,157.511
asia-northeast1,us-east1,157.515
europe-north1,asia-northeast3,279.039
asia-northeast3,europe-north1,279.026
australia-southeast2,us-east5,200.038
us-east5,australia-southeast2,199.979
asia-northeast2,australia-southeast2,117.984
australia-southeast2,asia-northeast2,117.967
australia-southeast2,europe-southwest1,278.021
australia-southeast1,europe-southwest1,274.97
europe-southwest1,australia-southeast1,272.265
europe-west9,europe-north1,35.148
europe-north1,europe-west9,35.141
us-west3,asia-northeast2,120.591
asia-northeast2,us-west3,120.592
europe-southwest1,us-east1,96
us-east1,europe-southwest1,96.197
australia-southeast2,us-east1,207.188
us-east1,australia-southeast2,207.18
northamerica-northeast2,europe-west10,99.212
europe-west10,northamerica-northeast2,99.221
southamerica-east1,europe-west3,200.449
europe-west3,southamerica-east1,200.486
me-west1,europe-central2,71.605
europe-central2,me-west1,71.628
europe-west9,asia-northeast2,231.467
asia-northeast2,europe-west9,231.473
northamerica-northeast1,europe-west12,98.853
europe-west12,northamerica-northeast1,98.767
europe-southwest1,europe-west6,24.621
europe-west6,europe-southwest1,24.641
us-west3,europe-west2,113.121
europe-west2,us-west3,113.116
europe-west9,us-central1,101.741
us-central1,europe-west9,101.69
europe-west9,europe-west1,4.443
europe-west1,europe-west9,4.448
europe-central2,australia-southeast1,293.145
australia-southeast1,europe-central2,293.137
northamerica-northeast1,us-central1,29.235
us-central1,northamerica-northeast1,29.128
us-west1,europe-north1,155.749
europe-north1,us-west1,155.746
us-west1,asia-southeast2,168.68
asia-southeast2,us-west1,168.685
europe-west6,asia-northeast1,240.127
asia-northeast1,europe-west6,240.127
northamerica-northeast1,asia-southeast2,228.814
us-west2,northamerica-northeast2,62.953
northamerica-northeast2,us-west2,62.961
asia-northeast1,australia-southeast1,105.909
australia-southeast1,asia-northeast1,105.909
us-central1,europe-west6,118.105
europe-west6,us-central1,118.099
europe-west1,europe-west8,16.184
europe-west8,europe-west1,16.188
europe-southwest1,europe-west4,25.673
europe-west4,europe-southwest1,25.688
europe-west10,europe-north1,19.541
europe-north1,europe-west10,19.539
asia-south1,australia-southeast1,151.664
australia-southeast1,asia-south1,151.402
australia-southeast1,us-west3,151.345
us-west3,australia-southeast1,151.33
asia-south1,northamerica-northeast1,201.806
northamerica-northeast1,asia-south1,201.79
southamerica-east1,asia-southeast2,330.278
asia-southeast2,southamerica-east1,330.22
europe-west8,me-west1,44.504
me-west1,europe-west8,44.543
europe-west2,us-east5,80.699
us-east5,europe-west2,80.73
europe-west9,europe-west4,11.046
europe-west4,europe-west9,11.042
europe-west9,asia-northeast3,247.629
asia-northeast3,europe-west9,247.631
europe-central2,europe-west4,17.223
europe-west4,europe-central2,17.219
me-west1,asia-east1,192.873
asia-east1,me-west1,193.969
southamerica-east1,europe-central2,210.282
europe-central2,southamerica-east1,210.28
me-west1,us-central1,149.356
us-central1,me-west1,149.354
europe-west8,europe-west10,21.214
europe-west10,europe-west8,21.22
europe-west6,me-west1,48.794
asia-east1,asia-northeast3,37.832
asia-northeast3,asia-east1,37.838
europe-west4,europe-west10,8.658
europe-west10,europe-west4,8.673
asia-south2,asia-east1,111.679
asia-east1,asia-south2,111.3
australia-southeast1,asia-southeast1,92.563
asia-southeast1,australia-southeast1,92.565
europe-west1,europe-west6,11.77
europe-west6,europe-west1,11.766
europe-west8,europe-west3,9.533
europe-west3,europe-west8,9.525
southamerica-east1,us-east1,116.494
us-east1,southamerica-east1,116.217
us-west1,us-west4,32.529
us-west4,us-west1,32.536
europe-north1,europe-west1,31.024
europe-west1,europe-north1,31.023
us-east5,northamerica-northeast1,19.934
northamerica-northeast1,us-east5,20.044
asia-southeast2,asia-northeast1,84.638
asia-northeast1,asia-southeast2,84.075
southamerica-east1,europe-west4,200.556
europe-west4,southamerica-east1,200.529
asia-southeast1,asia-south2,68.361
asia-south2,asia-southeast1,68.352
me-west1,us-east1,138.148
us-east1,me-west1,138.159
europe-west6,europe-central2,23.142
europe-central2,europe-west6,23.148
europe-west3,europe-central2,19.554
europe-central2,europe-west3,19.565
asia-southeast1,asia-east1,44.559
asia-east1,asia-southeast1,44.56
europe-west9,northamerica-northeast2,89.151
northamerica-northeast2,europe-west9,89.136
asia-northeast1,asia-south1,130.079
asia-south1,asia-northeast1,130.081
northamerica-northeast2,us-west4,60.686
us-west4,southamerica-east1,162.137
southamerica-east1,us-west4,162.127
europe-west6,australia-southeast1,269.76
australia-southeast1,europe-west6,270.324
us-west2,australia-southeast1,137.35
australia-southeast1,us-west2,137.337
me-central1,us-central1,213.91
us-central1,me-central1,213.813
us-west2,us-east4,63.444
us-east4,us-west2,63.419
australia-southeast1,southamerica-east1,294.259
southamerica-east1,australia-southeast1,294.279
us-west2,us-east1,59.333
us-east1,us-west2,59.339
asia-southeast2,asia-northeast3,84.018
asia-northeast3,asia-southeast2,84.029
us-west4,us-east1,55.172
us-east1,us-west4,55.168
europe-west9,us-east5,86.192
us-east5,europe-west9,86.192
asia-south1,asia-southeast2,72.675
asia-southeast2,asia-south1,72.677
europe-west9,europe-central2,24.836
europe-central2,europe-west9,24.839
me-central1,europe-west1,114.665
europe-west1,me-central1,114.601
us-east4,us-west4,59.267
us-west4,us-east4,59.271
europe-west4,europe-west8,15.834
europe-west8,europe-west4,15.853
europe-southwest1,europe-central2,39.484
europe-central2,europe-southwest1,39.501
europe-west1,europe-west4,6.917
europe-west4,europe-west1,6.943
europe-north1,europe-west8,40.207
europe-west8,europe-north1,40.194
us-east4,us-west3,42.576
us-west3,us-east4,42.581
northamerica-northeast1,southamerica-east1,127.896
asia-southeast2,europe-west4,212.47
europe-west4,asia-southeast2,211.584
asia-northeast2,europe-central2,278.092
europe-central2,asia-northeast2,278.112
europe-west8,asia-northeast3,244.089
asia-northeast3,europe-west8,244.09
europe-west1,asia-east2,228.855
asia-east2,europe-west1,228.859
europe-west2,asia-east1,235.525
asia-east1,europe-west2,235.54
europe-west4,asia-northeast2,232.351
asia-northeast2,europe-west4,232.365
europe-west9,asia-southeast1,192.632
asia-southeast1,europe-west9,192.807
asia-southeast2,europe-north1,235.491
europe-north1,asia-southeast2,235.494
europe-central2,asia-south2,162.271
asia-south2,europe-central2,162.265
asia-south2,europe-west6,141.904
europe-west6,asia-south2,141.915
europe-west1,asia-northeast2,233.153
asia-northeast2,europe-west1,232.923
europe-southwest1,asia-south1,129.294
asia-south1,europe-southwest1,129.283
asia-southeast1,europe-west4,198.259
europe-west12,asia-southeast2,197.89
asia-southeast2,europe-west12,197.908
europe-west8,asia-south1,115.049
asia-south1,europe-west8,115.052
europe-west10,asia-east2,227.238
asia-east2,europe-west10,227.218
europe-west10,asia-northeast1,230.127
asia-northeast1,europe-west10,230.12
asia-southeast1,europe-southwest1,195.842
europe-southwest1,asia-southeast1,195.807
europe-west2,asia-south1,140.126
asia-south1,europe-west2,140.15
europe-west1,asia-southeast2,209.645
asia-southeast2,europe-west1,209.649
europe-west3,asia-east1,230.711
asia-east1,europe-west3,230.707
europe-west3,asia-southeast2,208.147
asia-southeast2,europe-west3,208.158
europe-west3,asia-east2,227.51
asia-east2,europe-west3,227.512
asia-south1,europe-west12,115.005
europe-west12,asia-south1,115.073
europe-west1,asia-northeast3,250.183
asia-northeast3,europe-west1,250.197
europe-west6,asia-southeast2,201.181
asia-southeast2,europe-west6,201.176
europe-central2,asia-northeast3,269.705
asia-northeast3,europe-central2,270.071
europe-west1,asia-southeast1,208.202
asia-southeast1,europe-west1,208.057
asia-southeast2,europe-west10,216.465
europe-west10,asia-southeast2,216.549
europe-west12,asia-northeast2,246.744
asia-northeast2,europe-west12,249.08
europe-west1,asia-south1,122.667
asia-south1,europe-west1,122.665
europe-north1,asia-southeast1,221.873
asia-southeast1,europe-north1,221.885
europe-west12,asia-northeast1,235.254
asia-southeast1,europe-west2,200.695
europe-west2,asia-southeast1,200.841
us-west1,asia-northeast2,101.554
asia-northeast2,us-west1,101.574
asia-south2,europe-west10,155.886
europe-west10,asia-south2,155.908
asia-northeast2,us-east4,156.518
us-east4,asia-northeast2,156.5
asia-southeast1,us-west3,173.34
us-west3,asia-southeast1,173.706
asia-south2,europe-west3,146.268
europe-west3,asia-south2,146.279
europe-central2,asia-northeast1,238.429
asia-northeast1,europe-central2,238.435
europe-west2,asia-northeast1,212.922
asia-northeast1,europe-west2,212.93
us-central1,asia-northeast1,145.389
asia-northeast1,us-central1,145.388
asia-south1,europe-west6,119.415
europe-west6,asia-south1,119.398
asia-northeast1,europe-west3,228.596
europe-west3,asia-northeast1,228.595
asia-southeast1,us-west2,158.711
us-west2,asia-southeast1,158.717
europe-west9,asia-south1,125.973
asia-south1,europe-west9,125.998
asia-south1,us-east1,214.787
us-east1,asia-south1,214.805
europe-central2,asia-southeast1,212.628
asia-southeast1,europe-central2,212.712
us-west3,asia-east1,140.734
asia-east1,us-west3,140.694
asia-south1,europe-west4,129.118
europe-west4,asia-south1,129.125
us-west4,asia-southeast2,178.71
asia-southeast2,us-west4,178.707
asia-south1,us-west4,225.605
us-west4,asia-south1,225.249
us-west3,asia-east2,152.823
us-west2,asia-south1,220.371
asia-south1,us-west2,220.451
europe-west4,us-west1,133.475
us-west1,europe-west4,133.464
asia-east2,europe-west2,226.23
europe-west2,asia-east2,226.217
europe-west4,us-east4,86.646
us-east4,europe-west4,86.646
europe-north1,asia-east2,252.203
asia-east2,europe-north1,252.197
europe-west6,asia-northeast2,256.194
asia-northeast2,europe-west6,256.188
asia-east1,us-west1,118.56
us-west1,asia-east1,118.547
us-west4,asia-northeast1,104.796
asia-northeast1,us-west4,104.802
europe-west10,us-west1,142.765
us-west1,europe-west10,142.792
asia-south1,europe-west10,132.546
europe-west10,asia-south1,132.546
us-west2,europe-west3,149.814
europe-west3,us-west2,149.835
us-west4,europe-west2,132.711
europe-west2,us-west4,133.119
europe-west2,us-west2,135.832
us-west2,europe-west2,135.982
europe-west8,asia-southeast2,200.515
asia-southeast2,europe-west8,200.516
europe-west10,us-east1,98.78
us-east1,europe-west10,98.796
asia-east1,us-east5,169.553
us-east5,asia-east1,169.547
europe-west6,asia-east1,224.777
asia-east1,europe-west6,224.776
europe-west1,us-east4,80.136
us-east4,europe-west1,80.188
us-west1,europe-west1,134.569
europe-west1,us-west1,134.571
asia-south1,us-east5,204.393
us-central1,europe-west4,102.088
europe-west4,us-central1,102.079
europe-west9,asia-east2,215.477
asia-east2,europe-west9,216.007
europe-central2,us-west3,138.622
us-west3,europe-central2,138.626
europe-west2,asia-south2,158.831
asia-south2,europe-west2,158.812
us-west1,asia-northeast1,87.557
asia-northeast1,us-west1,87.556
europe-west3,us-east5,94.712
us-east5,europe-west3,94.783
asia-southeast1,us-central1,205.053
us-central1,asia-southeast1,205.341
europe-southwest1,us-west2,147.763
us-west2,europe-southwest1,147.784
us-east4,asia-south1,197.016
asia-south1,us-east4,197.006
us-west2,europe-north1,164.854
europe-north1,us-west2,164.844
europe-central2,us-east5,104.429
us-east5,europe-central2,104.431
us-east4,asia-east2,185.578
asia-east2,us-east4,185.58
asia-southeast1,europe-west3,192.159
europe-west3,asia-southeast1,192.426
europe-southwest1,asia-northeast1,216.601
asia-northeast1,europe-southwest1,216.575
us-central1,europe-southwest1,115.889
europe-southwest1,us-central1,116.076
asia-south1,us-west1,214.321
us-west1,asia-south1,214.305
us-east1,asia-northeast3,184.663
asia-northeast3,us-east1,184.653
us-east1,europe-west8,106.853
europe-west8,us-east1,106.896
europe-west2,asia-southeast2,216.924
asia-southeast2,europe-west2,216.941
europe-central2,us-west1,151.127
europe-west3,us-east4,86.747
us-east4,europe-west3,86.757
europe-west6,us-west4,150.393
us-west4,europe-west6,150.362
us-west2,asia-northeast2,107.364
asia-northeast2,us-west2,107.383
europe-west9,australia-southeast2,262.864
australia-southeast2,europe-west9,262.872
us-west4,asia-northeast3,131.887
asia-northeast3,us-west4,131.89
us-east4,europe-west6,91.858
europe-west6,us-east4,91.846
asia-east1,europe-west12,222.65
europe-west12,asia-east1,222.651
australia-southeast1,europe-west8,266.093
europe-west8,australia-southeast1,266.107
us-west2,europe-west10,151.16
europe-west10,us-west2,151.163
europe-southwest1,asia-northeast3,252.644
asia-northeast3,europe-southwest1,252.646
us-east1,europe-west12,105.67
europe-west12,us-east1,105.737
asia-east1,us-west4,132.324
australia-southeast1,europe-west3,275.675
europe-west3,australia-southeast1,275.672
europe-west6,us-east1,102.522
us-east1,europe-west6,102.532
us-west1,asia-east2,130.712
asia-east2,us-west1,130.793
northamerica-northeast1,asia-south2,222.631
asia-south2,northamerica-northeast1,223.063
northamerica-northeast1,europe-central2,100.752
europe-central2,northamerica-northeast1,100.755
australia-southeast2,asia-east2,117.383
australia-southeast1,asia-east2,127.485
asia-east2,australia-southeast1,127.486
europe-central2,us-west2,159.466
us-west2,europe-central2,159.469
europe-southwest1,us-west3,116.967
us-west3,europe-southwest1,116.959
asia-east2,northamerica-northeast2,183.935
northamerica-northeast2,asia-east2,183.932
northamerica-northeast2,asia-southeast1,207.897
asia-southeast1,northamerica-northeast2,208.274
asia-southeast1,northamerica-northeast1,214.595
northamerica-northeast1,asia-southeast1,214.588
southamerica-east1,asia-south1,312.148
asia-south1,southamerica-east1,312.136
asia-northeast2,me-west1,223.046
me-west1,asia-northeast2,222.981
us-central1,europe-central2,119.866
europe-central2,us-central1,119.863
northamerica-northeast2,asia-northeast2,152.244
asia-northeast2,northamerica-northeast2,152.243
me-west1,asia-southeast2,162.998
asia-southeast2,me-west1,163.541
us-east4,australia-southeast2,203.675
australia-southeast2,us-east4,203.73
me-west1,us-west2,190.083
us-west2,me-west1,190.083
europe-west10,southamerica-east1,201.961
southamerica-east1,europe-west10,201.955
europe-west4,northamerica-northeast1,84.625
australia-southeast2,asia-southeast2,97.716
asia-southeast2,australia-southeast2,97.723
me-west1,me-central1,82.124
me-central1,me-west1,82.094
asia-northeast2,europe-north1,256.752
europe-north1,asia-northeast2,256.716
asia-east2,me-west1,183.104
me-west1,asia-east2,183.09
southamerica-east1,me-central1,306.324
me-central1,southamerica-east1,306.316
me-central1,asia-south2,57.155
asia-south2,me-central1,56.437
us-west1,asia-south2,224.571
asia-south2,us-west1,224.571
me-central1,europe-central2,136.035
europe-central2,me-central1,136.041
me-central1,northamerica-northeast1,195.966
northamerica-northeast1,me-central1,195.984
us-west4,northamerica-northeast1,67.554
northamerica-northeast1,us-west4,67.554
asia-southeast2,northamerica-northeast1,228.816
northamerica-northeast1,europe-west3,87.216
europe-west3,northamerica-northeast1,87.206
southamerica-east1,us-west3,156.747
us-west3,southamerica-east1,156.739
southamerica-east1,us-west2,158.131
us-west2,southamerica-east1,157.656
europe-west4,me-central1,123.639
me-central1,europe-west4,124.296
europe-west2,southamerica-east1,189.596
southamerica-east1,europe-west2,189.575
me-central1,australia-southeast2,178.612
australia-southeast2,me-central1,178.601
europe-southwest1,northamerica-northeast1,80.669
northamerica-northeast1,europe-southwest1,80.672
europe-west3,europe-southwest1,24.444
europe-southwest1,europe-west3,24.436
me-west1,europe-west6,48.796
me-central1,europe-west12,108.522
europe-west12,me-central1,108.493
northamerica-northeast2,europe-north1,121.099
europe-north1,northamerica-northeast2,121.372
europe-west8,northamerica-northeast2,106.059
northamerica-northeast2,europe-west8,106.06
europe-west12,europe-west9,16.725
europe-west9,europe-west12,16.581
me-central1,europe-southwest1,116.702
europe-southwest1,me-central1,116.708
northamerica-northeast2,us-east5,22.155
us-east5,northamerica-northeast2,22.152
me-central1,europe-west10,127.038
europe-west10,me-central1,127.128
me-central1,us-east5,199.134
us-east5,me-central1,199.13
me-west1,europe-north1,81.316
europe-north1,me-west1,81.307
europe-north1,australia-southeast2,296.224
australia-southeast2,europe-north1,296.22
asia-southeast2,asia-south2,79.64
asia-south2,asia-southeast2,79.64
europe-west1,europe-southwest1,19.097
europe-southwest1,europe-west1,19.084
europe-central2,europe-west12,32.887
europe-west12,europe-central2,32.884
me-central1,asia-northeast3,164.122
asia-northeast3,me-central1,164.116
asia-south2,asia-east2,103.83
asia-east2,asia-south2,104.467
me-central1,asia-northeast2,168.454
asia-northeast2,me-central1,168.729
europe-west3,asia-northeast2,262.276
me-west1,asia-southeast1,149.032
asia-southeast1,me-west1,149.042
europe-west2,europe-west8,21.262
europe-west8,europe-west2,21.286
me-west1,europe-west1,52.425
europe-west1,me-west1,52.464
me-central1,us-east1,201.89
us-east1,me-central1,202.095
europe-west10,europe-west1,12.166
europe-west1,europe-west10,12.167
northamerica-northeast2,northamerica-northeast1,7.543
northamerica-northeast1,northamerica-northeast2,7.553
europe-west10,europe-central2,9.313
europe-central2,europe-west10,9.32
us-west3,us-central1,18.564
us-central1,us-west3,18.324
asia-southeast1,asia-northeast1,71.502
asia-northeast1,asia-southeast1,71.508
europe-west12,europe-west3,12.759
europe-west3,europe-west12,12.72
asia-southeast1,asia-northeast3,70.48
asia-northeast3,asia-southeast1,70.588
asia-south1,asia-southeast1,59.045
asia-southeast1,asia-south1,59.077
asia-east2,asia-south1,94.413
asia-south1,asia-east2,94.431
us-east5,us-west4,58.349
us-west4,us-east5,58.342
asia-southeast1,asia-northeast2,79.765
asia-northeast2,asia-southeast1,79.761
asia-south2,asia-northeast1,142.655
asia-northeast1,asia-south2,142.662
us-west1,us-east5,51.338
us-east5,us-west1,51.303
asia-east2,asia-northeast2,45.883
asia-northeast2,asia-east2,46.865
us-east5,us-west3,38.655
us-west3,us-east5,38.664
europe-north1,europe-central2,19.376
australia-southeast2,northamerica-northeast1,209.258
northamerica-northeast1,australia-southeast2,209.233
southamerica-east1,us-central1,137.515
us-central1,southamerica-east1,137.508
southamerica-east1,europe-north1,214.727
europe-north1,southamerica-east1,214.731
europe-west12,europe-north1,42.842
europe-north1,europe-west12,42.844
southamerica-east1,northamerica-northeast1,127.911
europe-west8,europe-southwest1,20.657
europe-southwest1,europe-west8,20.665
europe-west10,asia-east1,237.62
asia-east1,europe-west10,237.613
asia-northeast2,europe-west8,256.462
europe-west8,asia-northeast2,256.452
asia-southeast1,europe-west8,184.191
europe-west8,asia-southeast1,184.195
asia-southeast2,europe-west9,204.858
europe-west9,asia-southeast2,204.862
europe-west4,asia-east1,235.857
asia-east1,europe-west4,235.86
europe-west3,asia-northeast3,252.775
asia-northeast3,europe-west3,252.777
europe-west10,asia-northeast3,263.46
asia-northeast3,europe-west10,265.357
asia-southeast2,europe-southwest1,203.471
europe-southwest1,asia-southeast2,203.45
asia-northeast3,europe-west4,256.963
europe-west4,asia-northeast3,256.923
asia-south1,europe-north1,151.736
europe-north1,asia-south1,151.601
europe-west12,us-west3,135.075
us-west3,europe-west12,135.489
australia-southeast1,asia-south2,159.148
asia-south2,australia-southeast1,159.159
europe-west9,us-west4,137.094
us-west4,europe-west9,137.078
europe-west9,asia-south2,141.486
asia-south2,europe-west9,141.455
australia-southeast2,asia-northeast1,117.279
asia-northeast1,australia-southeast2,117.286
europe-west8,asia-northeast1,236.405
asia-northeast1,europe-west8,236.407
me-west1,europe-west9,49.288
europe-west9,me-west1,49.225
us-east5,asia-northeast1,138.478
asia-northeast1,us-east5,138.478
northamerica-northeast2,asia-northeast3,168.142
asia-northeast3,northamerica-northeast2,168.126
us-west1,europe-west2,125.881
europe-west2,us-west1,125.867
me-central1,asia-east1,140.871
asia-east1,me-central1,141.115
northamerica-northeast1,us-east4,14.029
us-east4,northamerica-northeast1,14.034
us-west2,northamerica-northeast1,70.427
northamerica-northeast1,us-west2,70.682
us-east1,europe-north1,111.827
europe-north1,us-east1,111.804
europe-southwest1,asia-south2,147.318
asia-south2,europe-southwest1,147.323
europe-west4,northamerica-northeast2,91.175
northamerica-northeast2,europe-west4,91.238
europe-west2,me-central1,121.283
me-central1,europe-west2,121.283
europe-southwest1,australia-southeast2,278.181
me-central1,europe-west8,109.63
europe-west8,me-central1,109.65
southamerica-east1,europe-southwest1,191.758
europe-southwest1,southamerica-east1,191.735
northamerica-northeast2,us-east4,20.967
us-east4,northamerica-northeast2,20.967
me-west1,asia-south1,90.344
asia-south1,me-west1,90.347
asia-southeast2,asia-east1,58.294
asia-east1,asia-southeast2,58.04
southamerica-east1,us-west1,168.754
us-west1,southamerica-east1,168.762
europe-west9,europe-west6,14.618
europe-west6,europe-west9,14.62
europe-west2,europe-west1,6.165
europe-west1,europe-west2,6.144
australia-southeast2,australia-southeast1,13.271
australia-southeast1,australia-southeast2,13.283
asia-southeast2,us-east1,230.687
us-east1,asia-southeast2,230.689
southamerica-east1,asia-south2,331.825
asia-south2,southamerica-east1,331.831
us-west2,us-central1,47.25
us-central1,us-west2,47.264
europe-west2,europe-southwest1,23.617
europe-southwest1,europe-west2,23.625
northamerica-northeast2,australia-southeast2,202.446
australia-southeast2,northamerica-northeast2,202.443
me-west1,australia-southeast2,235.606
australia-southeast2,me-west1,235.605
europe-west2,europe-west6,17.203
europe-west6,europe-west2,17.201
us-west4,us-central1,42.706
us-central1,us-west4,42.693
europe-west4,europe-west3,7.045
europe-west3,europe-west4,7.05
us-east1,us-west3,51.293
us-west3,us-east1,51.302
us-east4,us-east5,8.406
us-east5,us-east4,8.425
asia-southeast2,asia-east2,48.974
asia-east2,asia-southeast2,48.961
asia-south2,asia-northeast3,140.904
asia-northeast3,asia-south2,140.897
asia-northeast1,asia-northeast3,31.146
asia-northeast3,asia-northeast1,31.136
me-central1,asia-southeast2,108.156
asia-southeast2,me-central1,108.153
australia-southeast1,northamerica-northeast2,190.629
northamerica-northeast2,australia-southeast1,190.649
me-central1,asia-south1,35.089
asia-south1,me-central1,35.1
australia-southeast2,asia-east1,129.888
asia-east1,australia-southeast2,129.887
australia-southeast2,asia-northeast3,138.972
asia-northeast3,australia-southeast2,138.995
me-west1,asia-south2,114.816
asia-south2,me-west1,114.834
europe-west2,europe-west9,7.272
europe-west9,europe-west2,7.299
europe-west8,asia-south2,140.551
asia-south2,europe-west8,140.549
europe-west4,asia-southeast1,198.012
us-east5,asia-southeast2,219.589
asia-southeast2,us-east5,219.608
europe-west4,asia-northeast1,220.534
asia-northeast1,europe-west4,220.531
us-east4,asia-east1,173.312
asia-east1,us-east4,173.311
europe-north1,asia-south2,171.329
asia-south2,europe-north1,171.62
asia-northeast3,us-west2,126.502
us-west2,asia-northeast3,126.505
asia-east2,us-west3,152.827
us-west2,europe-west6,154.694
europe-west6,us-west2,154.701
us-west4,europe-west8,154.675
europe-west8,us-west4,154.691
us-west1,asia-northeast3,114.62
asia-northeast3,us-west1,114.625
us-east1,europe-west3,97.447
europe-west3,us-east1,97.452
europe-west3,us-central1,110.338
us-central1,europe-west3,110.354
us-east1,asia-south2,234.501
asia-south2,us-east1,234.5
europe-north1,us-east5,109.167
us-west3,europe-west3,128.892
europe-west3,us-west3,128.908
europe-west4,us-west4,145.335
us-west4,europe-west4,145.337
europe-west9,us-west2,141.594
us-west2,europe-west9,141.613
us-east1,asia-east1,185.009
asia-east1,us-east1,184.989
us-west4,europe-north1,159.946
europe-north1,us-west4,159.943
us-central1,europe-west10,111.449
europe-west10,us-central1,111.458
us-east4,asia-northeast3,169.453
asia-northeast3,us-east4,169.454
us-west2,europe-west1,142.918
europe-west1,us-west2,142.96
us-west2,europe-west8,158.44
europe-west8,us-west2,158.449
northamerica-northeast2,asia-south2,232.991
asia-south2,northamerica-northeast2,232.993
australia-southeast2,europe-west4,271.924
europe-west4,australia-southeast2,271.914
northamerica-northeast1,asia-northeast1,148.59
asia-northeast1,northamerica-northeast1,148.597
asia-northeast3,northamerica-northeast1,174.929
northamerica-northeast1,asia-northeast3,174.936
australia-southeast2,asia-southeast1,84.133
asia-southeast1,australia-southeast2,84.131
australia-southeast2,europe-west10,277.545
europe-west10,australia-southeast2,277.558
europe-west10,asia-southeast1,203.402
asia-southeast1,europe-west10,203.392
europe-west3,asia-south1,123.985
asia-south1,europe-west3,123.984
europe-west12,us-central1,116.738
us-central1,europe-west12,116.642
us-east1,asia-southeast1,216.95
asia-southeast1,us-east1,217.005
asia-east1,northamerica-northeast1,179.332
northamerica-northeast1,asia-east1,178.66
us-east5,europe-west4,88.001
europe-west4,us-east5,87.942
europe-west1,australia-southeast1,281.031
australia-southeast1,europe-west1,281.003
australia-southeast2,us-west2,149.097
us-west2,australia-southeast2,149.102
us-west3,asia-northeast3,140.271
asia-northeast3,us-west3,140.26
europe-west2,us-east4,75.893
us-east4,europe-west2,75.757
me-west1,southamerica-east1,242.561
southamerica-east1,me-west1,242.568
europe-west8,northamerica-northeast1,99.625
northamerica-northeast1,europe-west8,99.616
asia-northeast2,us-central1,153.431
us-central1,asia-northeast2,153.428
southamerica-east1,asia-southeast1,316.922
asia-southeast1,southamerica-east1,316.906
australia-southeast1,us-east1,195.474
us-east1,australia-southeast1,195.523
asia-east1,northamerica-northeast2,171.987
northamerica-northeast2,asia-east1,171.981
australia-southeast1,europe-west9,270.084
europe-west9,australia-southeast1,270.186
southamerica-east1,asia-northeast3,284.669
asia-northeast3,southamerica-east1,284.678
europe-west9,us-east1,89.238
us-east1,europe-west9,89.078
northamerica-northeast2,europe-southwest1,95.294
europe-west8,us-west3,136.51
us-west3,europe-west8,136.512
us-east4,europe-west9,78.458
europe-west9,us-east4,78.451
southamerica-east1,asia-east2,296.798
asia-east2,southamerica-east1,296.794
europe-west12,europe-west6,7.814
europe-west6,europe-west12,7.804
us-central1,europe-west2,94.413
europe-west2,us-central1,94.398
southamerica-east1,us-east4,114.194
us-east4,southamerica-east1,114.205
northamerica-northeast1,europe-west6,98.438
europe-west6,northamerica-northeast1,98.43
us-west2,europe-west4,149.451
europe-west4,us-west2,149.456
us-west3,australia-southeast2,162.916
australia-southeast2,us-west3,162.915
europe-west6,europe-north1,33.33
europe-north1,europe-west6,33.313
europe-west12,me-west1,43.722
me-west1,europe-west12,43.747
northamerica-northeast2,us-west3,40.993
us-west3,northamerica-northeast2,41.019
me-west1,us-east4,127.838
us-east4,me-west1,127.396
europe-north1,europe-southwest1,49.794
europe-southwest1,europe-north1,49.795
northamerica-northeast1,europe-west9,82.579
europe-west9,northamerica-northeast1,82.596
europe-west8,europe-central2,29.824
europe-central2,europe-west8,29.832
us-east5,us-west2,60.743
us-west2,us-east5,60.759
europe-west9,europe-west8,18.338
europe-west8,europe-west9,18.341
northamerica-northeast2,asia-northeast1,140.939
asia-northeast1,northamerica-northeast2,140.945
europe-west6,me-central1,113.154
me-central1,europe-west6,113.164
me-central1,australia-southeast1,186.58
australia-southeast1,me-central1,186.587
me-west1,europe-west10,62.722
europe-west10,me-west1,62.719
us-west4,us-west2,6.656
us-west2,us-west4,6.66
us-east5,us-east1,19.199
us-east1,us-east5,19.196
asia-south2,asia-northeast2,146.246
asia-northeast2,asia-south2,146.251
europe-central2,europe-north1,19.383
northamerica-northeast1,europe-north1,114.284
europe-north1,northamerica-northeast1,114.297
europe-west3,europe-west2,12.574
europe-west2,europe-west3,12.558
europe-west4,europe-west6,11.973
europe-west6,europe-west4,11.978
us-west1,us-east4,55.104
us-east4,us-west1,55.112
asia-northeast1,europe-west12,235.263
us-east4,europe-north1,101.049
europe-north1,us-east4,101.05
us-west4,europe-central2,155.308
europe-central2,us-west4,155.308
asia-east2,europe-west4,224.41
europe-west4,asia-east2,224.421
us-west3,europe-west4,120.915
europe-west4,us-west3,120.851
asia-east2,us-central1,161.981
us-central1,asia-east2,161.986
europe-west6,us-east5,107.382
us-east5,europe-west6,107.393
asia-northeast2,us-east1,165.498
us-east1,asia-northeast2,165.501
us-west1,europe-central2,151.122
europe-west1,us-central1,103.331
us-central1,europe-west1,103.332
europe-west2,asia-northeast3,256.638
asia-northeast3,europe-west2,256.643
asia-east2,us-west4,144.521
us-west4,asia-east1,132.342
europe-west9,asia-northeast1,220.251
asia-northeast1,europe-west9,220.241
europe-central2,us-east1,107.362
us-east1,europe-central2,107.354
europe-north1,australia-southeast1,293.669
australia-southeast1,europe-north1,293.646
europe-west1,us-east5,87.929
asia-south1,us-central1,219.579
us-central1,asia-south1,219.767
europe-west6,us-west1,149.1
us-west1,europe-west6,149.088
asia-east2,northamerica-northeast1,191.139
northamerica-northeast1,asia-east2,191.157
australia-southeast1,us-east4,191.985
us-east4,australia-southeast1,191.979
asia-southeast2,northamerica-northeast2,222.414
europe-central2,asia-south1,141.936
asia-south1,europe-central2,141.927
southamerica-east1,asia-northeast2,264.831
asia-northeast2,southamerica-east1,264.834
europe-southwest1,northamerica-northeast2,95.293
asia-south2,us-central1,245.475
us-central1,asia-south2,245.471
asia-southeast2,us-east4,223.19
us-east4,asia-southeast2,223.207
australia-southeast1,northamerica-northeast1,198.258
northamerica-northeast1,australia-southeast1,198.259
us-west1,us-east1,64.389
us-east1,us-west1,64.417
europe-southwest1,us-east4,85.274
us-east4,europe-southwest1,85.283
asia-northeast2,asia-east1,35.4
asia-east1,asia-northeast2,35.406
europe-west2,europe-west10,17.317
europe-west10,europe-west2,17.331
europe-west4,europe-north1,30.379
europe-north1,europe-west4,30.381
southamerica-east1,europe-west1,193.632
europe-west1,southamerica-east1,193.652
europe-north1,europe-west3,29.893
europe-west3,europe-north1,29.902
europe-west9,southamerica-east1,192.23
southamerica-east1,europe-west9,192.284
europe-west2,europe-north1,39.3
europe-north1,europe-west2,39.323
us-east1,us-central1,34.604
asia-east1,asia-east2,12.353
asia-east2,asia-east1,12.331
us-west2,us-west1,24.538
us-west1,us-west2,24.53
northamerica-northeast2,us-east1,31.503
us-east1,northamerica-northeast2,31.499
europe-west10,europe-west3,11.066
europe-west3,europe-west10,11.044
asia-northeast1,us-east4,142.345
us-east4,asia-northeast1,142.352
asia-east2,europe-west8,217.64
europe-west8,asia-east2,217.637
us-east4,asia-southeast1,209.596
asia-southeast1,us-east4,209.618
us-east5,europe-north1,109.167
us-east5,europe-west1,87.92
northamerica-northeast1,europe-west10,92.331
europe-west10,northamerica-northeast1,92.347
northamerica-northeast1,europe-west2,76.197
europe-west2,northamerica-northeast1,76.175
me-west1,us-west1,181.038
us-west1,me-west1,181.018
northamerica-northeast1,europe-west4,84.617
us-west3,asia-northeast1,113.411
asia-northeast1,us-west3,113.416
europe-west2,australia-southeast1,262.846
australia-southeast1,europe-west2,262.856
us-west1,asia-southeast1,154.909
southamerica-east1,europe-west12,209.961
europe-west12,southamerica-east1,209.996
asia-south1,asia-south2,20.718
asia-south2,asia-south1,20.72
us-east5,us-central1,20.028
us-central1,us-east5,20.061
us-west1,me-central1,245.195
me-central1,us-west1,245.195
us-central1,us-east1,34.617
europe-west9,europe-southwest1,16.103
europe-southwest1,europe-west9,16.104
europe-west10,europe-west12,24.106
europe-west12,europe-west10,24.12
us-west4,northamerica-northeast2,60.675
southamerica-east1,asia-northeast1,257.617
asia-northeast1,southamerica-east1,257.614
europe-west12,europe-west2,23.733
europe-west2,europe-west12,23.702
europe-west9,europe-west10,16.288
europe-west10,europe-west9,16.294
europe-west12,us-west1,147.932
us-west1,europe-west12,147.951
europe-central2,europe-west1,20.711
europe-west1,europe-central2,20.71
europe-west6,europe-west3,5.547
europe-west3,europe-west6,5.543
europe-west6,europe-west10,14.686
europe-west10,europe-west6,14.669
asia-northeast1,asia-northeast2,8.86
asia-northeast2,asia-northeast1,8.85
asia-east2,asia-northeast1,48.217
asia-northeast1,asia-east2,48.209
us-west1,us-central1,31.613
us-central1,us-west1,31.622
asia-southeast2,asia-northeast2,88.339
asia-northeast2,asia-southeast2,88.335
europe-southwest1,asia-east1,225.995
asia-east1,europe-southwest1,226.005
europe-west10,asia-northeast2,243.022
us-west3,asia-south1,231.578
asia-south1,us-west3,231.57
australia-southeast1,asia-northeast2,106.193
asia-northeast2,australia-southeast1,106.208
australia-southeast1,asia-east1,130.593
asia-southeast2,us-west3,186.459
us-east4,europe-west12,95.08
europe-west12,us-east4,95.018
us-east1,europe-west4,97.411
europe-west4,us-east1,97.408
me-central1,us-west4,251.74
us-west4,me-central1,252.181
me-west1,us-west4,187.531
us-west4,me-west1,187.529
asia-east1,europe-west9,226.642
europe-west9,asia-east1,226.653
northamerica-northeast2,me-west1,138.54
australia-southeast2,europe-west12,259.565
europe-west12,australia-southeast2,259.559
asia-northeast2,northamerica-northeast1,160.989
northamerica-northeast1,asia-northeast2,160.996
asia-south1,australia-southeast2,143.458
australia-southeast2,asia-south1,143.184
me-west1,europe-west2,56.61
europe-west2,me-west1,56.6
southamerica-east1,europe-west8,209.794
europe-west8,southamerica-east1,209.787
me-west1,us-west3,168.015
us-west3,me-west1,168.022
me-central1,europe-north1,148.898
europe-north1,me-central1,148.898
us-central1,asia-southeast2,217.814
asia-southeast2,us-central1,217.921
australia-southeast1,europe-west10,283.238
europe-west10,australia-southeast1,283.243
me-west1,asia-northeast3,218.667
asia-northeast3,me-west1,218.674
australia-southeast2,southamerica-east1,305.784
southamerica-east1,australia-southeast2,305.792
me-central1,asia-northeast1,168.24
asia-northeast1,me-central1,168.225
us-west2,asia-south2,232.987
asia-south2,us-west2,230.943
me-west1,europe-southwest1,52.518
europe-southwest1,me-west1,52.511
europe-west2,europe-west4,9.316
europe-west4,europe-west2,9.312
asia-northeast2,europe-west10,243.023
europe-west6,asia-southeast1,196.31
asia-southeast1,europe-west6,196.337
us-east5,asia-northeast3,165.604
asia-northeast3,us-east5,165.601
us-east5,asia-south1,204.394
us-west3,europe-west10,130.426
europe-west10,us-west3,130.427
us-west3,asia-southeast2,186.454
europe-west1,europe-west12,19.824
europe-west12,europe-west1,19.827
us-west1,australia-southeast1,137.214
australia-southeast1,us-west1,137.213
us-west2,asia-southeast2,172.031
asia-southeast2,us-west2,171.961
asia-southeast1,asia-east2,35.553
asia-east2,asia-southeast1,35.522
asia-northeast2,asia-south1,133.781
asia-south1,asia-northeast2,132.556
us-west3,us-west2,14.982
us-west2,us-west3,14.432
asia-northeast3,asia-south1,129.278
asia-south1,asia-northeast3,129.274
asia-east1,asia-northeast1,35.059
asia-northeast1,asia-east1,35.059
asia-southeast2,asia-southeast1,13.638
asia-southeast1,asia-southeast2,14.084
australia-southeast1,us-central1,168.464
us-central1,australia-southeast1,168.455
us-west4,us-west3,8.685
us-west3,us-west4,8.694
europe-west8,europe-west6,4.683
europe-west6,europe-west8,4.688
us-east5,me-west1,134.754
europe-west8,europe-west12,4.153
europe-west12,europe-west8,4.084
us-east1,asia-east2,197.008
asia-east2,us-east1,196.982
us-west4,asia-east2,144.513
us-west4,europe-southwest1,143.437
europe-southwest1,us-west4,143.65
asia-southeast1,us-west4,164.92
us-west4,asia-southeast1,164.901
us-west2,europe-west12,157.534
europe-west12,us-west2,157.246
europe-west1,asia-northeast1,221.851
asia-northeast1,europe-west1,221.843
us-east5,europe-west12,101.949
europe-west12,us-east5,101.968
us-east4,europe-west10,88.217
europe-west10,us-east4,88.215
asia-southeast1,europe-west12,188.093
us-west1,europe-southwest1,147.12
southamerica-east1,us-east5,122.049
us-east5,southamerica-east1,122.052
europe-southwest1,europe-west12,19.476
europe-west12,europe-southwest1,19.48
asia-northeast2,europe-west3,262.286
asia-northeast3,asia-east2,35.949
asia-east2,asia-northeast3,35.971
us-east4,us-east1,11.319
us-east1,us-east4,11.316
asia-northeast2,asia-northeast3,28.753
asia-northeast3,asia-northeast2,28.759
us-east4,us-central1,23.872
us-central1,us-east4,23.876
europe-west10,europe-southwest1,30.884
europe-southwest1,europe-west10,30.887
europe-west2,europe-central2,25.8
europe-central2,europe-west2,25.816
asia-southeast1,us-west1,154.91
me-central1,northamerica-northeast2,203.453
northamerica-northeast2,me-central1,203.452
europe-west3,europe-west1,7.378
europe-west1,europe-west3,7.381
europe-west12,europe-west4,17.788
europe-west4,europe-west12,17.749
northamerica-northeast1,us-west3,47.471
us-west3,northamerica-northeast1,47.473
asia-south1,asia-east1,102.766
me-west1,australia-southeast1,241.619
australia-southeast1,me-west1,241.623
me-central1,europe-west9,113.57
europe-west9,me-central1,113.576
asia-southeast1,us-east5,205.607
us-east5,asia-southeast1,205.68
europe-southwest1,us-west1,147.115
europe-west12,asia-south2,136.44
asia-south2,europe-west12,136.517
me-central1,asia-southeast1,94.458
asia-southeast1,me-central1,94.294
me-west1,northamerica-northeast2,138.544
northamerica-northeast2,us-west1,53.704
us-west1,northamerica-northeast2,53.699
us-central1,northamerica-northeast2,22.449
northamerica-northeast2,us-central1,22.456
europe-west8,us-east5,103.272
us-east5,europe-west8,103.282
us-west1,northamerica-northeast1,60.469
northamerica-northeast1,us-west1,60.462
asia-east1,asia-south1,102.775
europe-west12,asia-southeast1,195.299
me-west1,us-east5,134.755
us-west1,us-west3,29.782
us-west3,us-west1,29.545
us-west3,europe-west9,120.201
europe-west9,us-west3,120.213